game_id,score_margin_2_mins_home,abs_score_margin_2_mins,close_game
20800001,3,3,True
20800002,13,13,False
20800003,17,17,False
20800004,-7,7,True
20800005,-8,8,True
20800006,-4,4,True
20800007,9,9,True
20800008,6,6,True
20800009,3,3,True
20800010,-16,16,False
20800011,-3,3,True
20800012,3,3,True
20800013,3,3,True
20800014,1,1,True
20800015,-38,38,False
20800016,21,21,False
20800017,-8,8,True
20800018,-10,10,False
20800019,24,24,False
20800020,-2,2,True
20800021,26,26,False
20800022,21,21,False
20800023,1,1,True
20800024,2,2,True
20800025,2,2,True
20800026,0,0,True
20800027,14,14,False
20800028,17,17,False
20800029,14,14,False
20800030,7,7,True
20800031,-8,8,True
20800032,-5,5,True
20800033,9,9,True
20800034,8,8,True
20800035,12,12,False
20800036,-2,2,True
20800037,-7,7,True
20800038,21,21,False
20800039,8,8,True
20800040,-10,10,False
20800041,1,1,True
20800042,-15,15,False
20800043,6,6,True
20800044,36,36,False
20800045,12,12,False
20800046,-25,25,False
20800047,-18,18,False
20800048,-28,28,False
20800049,-5,5,True
20800050,-18,18,False
20800051,-5,5,True
20800052,-4,4,True
20800053,26,26,False
20800054,6,6,True
20800055,16,16,False
20800056,-3,3,True
20800057,-3,3,True
20800058,-9,9,True
20800059,-12,12,False
20800060,5,5,True
20800061,8,8,True
20800062,6,6,True
20800063,20,20,False
20800064,11,11,False
20800065,3,3,True
20800066,5,5,True
20800067,-6,6,True
20800068,24,24,False
20800069,12,12,False
20800070,6,6,True
20800071,8,8,True
20800072,-9,9,True
20800073,17,17,False
20800074,13,13,False
20800075,16,16,False
20800076,1,1,True
20800077,-5,5,True
20800078,-5,5,True
20800079,16,16,False
20800080,24,24,False
20800081,8,8,True
20800082,-2,2,True
20800083,-10,10,False
20800084,2,2,True
20800085,-12,12,False
20800086,9,9,True
20800087,12,12,False
20800088,-16,16,False
20800089,-2,2,True
20800090,13,13,False
20800091,13,13,False
20800092,27,27,False
20800093,3,3,True
20800094,-9,9,True
20800095,0,0,True
20800096,0,0,True
20800097,0,0,True
20800098,-6,6,True
20800099,8,8,True
20800100,-13,13,False
20800101,-6,6,True
20800102,-2,2,True
20800103,11,11,False
20800104,-2,2,True
20800105,-4,4,True
20800106,-10,10,False
20800107,4,4,True
20800108,-6,6,True
20800109,-10,10,False
20800110,-26,26,False
20800111,4,4,True
20800112,-7,7,True
20800113,-20,20,False
20800114,2,2,True
20800115,-4,4,True
20800116,-14,14,False
20800117,8,8,True
20800118,10,10,False
20800119,-3,3,True
20800120,4,4,True
20800121,-2,2,True
20800122,26,26,False
20800123,5,5,True
20800124,10,10,False
20800125,-5,5,True
20800126,-5,5,True
20800127,1,1,True
20800128,-2,2,True
20800129,-4,4,True
20800130,-2,2,True
20800131,-17,17,False
20800132,-18,18,False
20800133,-12,12,False
20800134,25,25,False
20800135,13,13,False
20800136,-1,1,True
20800137,13,13,False
20800138,13,13,False
20800139,-4,4,True
20800140,7,7,True
20800141,-5,5,True
20800142,4,4,True
20800143,1,1,True
20800144,19,19,False
20800145,2,2,True
20800146,-12,12,False
20800147,13,13,False
20800148,-5,5,True
20800149,-13,13,False
20800150,14,14,False
20800151,6,6,True
20800152,-3,3,True
20800153,4,4,True
20800154,-17,17,False
20800155,19,19,False
20800156,9,9,True
20800157,6,6,True
20800158,12,12,False
20800159,-3,3,True
20800160,11,11,False
20800161,-3,3,True
20800162,-6,6,True
20800163,3,3,True
20800164,-5,5,True
20800165,-22,22,False
20800166,-16,16,False
20800167,9,9,True
20800168,44,44,False
20800169,18,18,False
20800170,-12,12,False
20800171,-1,1,True
20800172,-2,2,True
20800173,4,4,True
20800174,-3,3,True
20800175,2,2,True
20800176,-21,21,False
20800177,14,14,False
20800178,23,23,False
20800179,25,25,False
20800180,-28,28,False
20800181,-24,24,False
20800182,-5,5,True
20800183,16,16,False
20800184,-7,7,True
20800185,-4,4,True
20800186,18,18,False
20800187,3,3,True
20800188,13,13,False
20800189,3,3,True
20800190,-11,11,False
20800191,11,11,False
20800192,12,12,False
20800193,-12,12,False
20800194,6,6,True
20800195,-28,28,False
20800196,10,10,False
20800197,13,13,False
20800198,7,7,True
20800199,9,9,True
20800200,-7,7,True
20800201,-13,13,False
20800202,-1,1,True
20800203,3,3,True
20800204,-10,10,False
20800205,30,30,False
20800206,-22,22,False
20800207,6,6,True
20800208,0,0,True
20800209,25,25,False
20800210,2,2,True
20800211,34,34,False
20800212,3,3,True
20800213,7,7,True
20800214,3,3,True
20800215,19,19,False
20800216,-12,12,False
20800217,4,4,True
20800218,13,13,False
20800219,24,24,False
20800220,38,38,False
20800221,4,4,True
20800222,-3,3,True
20800223,-19,19,False
20800224,0,0,True
20800225,5,5,True
20800226,23,23,False
20800227,19,19,False
20800228,13,13,False
20800229,-1,1,True
20800230,-5,5,True
20800231,-9,9,True
20800232,11,11,False
20800233,23,23,False
20800234,15,15,False
20800235,6,6,True
20800236,-4,4,True
20800237,13,13,False
20800238,-5,5,True
20800239,10,10,False
20800240,-1,1,True
20800241,-13,13,False
20800242,19,19,False
20800243,-12,12,False
20800244,-20,20,False
20800245,-19,19,False
20800246,4,4,True
20800247,-13,13,False
20800248,-14,14,False
20800249,9,9,True
20800250,-2,2,True
20800251,18,18,False
20800252,11,11,False
20800253,13,13,False
20800254,3,3,True
20800255,-4,4,True
20800256,-22,22,False
20800257,-7,7,True
20800258,-4,4,True
20800259,-5,5,True
20800260,-8,8,True
20800261,40,40,False
20800262,-1,1,True
20800263,8,8,True
20800264,6,6,True
20800265,42,42,False
20800266,15,15,False
20800267,-11,11,False
20800268,-3,3,True
20800269,17,17,False
20800270,8,8,True
20800271,8,8,True
20800272,8,8,True
20800273,-9,9,True
20800274,20,20,False
20800275,-18,18,False
20800276,10,10,False
20800277,-7,7,True
20800278,4,4,True
20800279,26,26,False
20800280,25,25,False
20800281,13,13,False
20800282,3,3,True
20800283,16,16,False
20800284,14,14,False
20800285,3,3,True
20800286,23,23,False
20800287,-22,22,False
20800288,4,4,True
20800289,-8,8,True
20800290,-18,18,False
20800291,20,20,False
20800292,7,7,True
20800293,8,8,True
20800294,37,37,False
20800295,0,0,True
20800296,-31,31,False
20800297,6,6,True
20800298,3,3,True
20800299,0,0,True
20800300,14,14,False
20800301,2,2,True
20800302,16,16,False
20800303,-10,10,False
20800304,-8,8,True
20800305,17,17,False
20800306,6,6,True
20800307,2,2,True
20800308,0,0,True
20800309,2,2,True
20800310,8,8,True
20800311,17,17,False
20800312,8,8,True
20800313,14,14,False
20800314,14,14,False
20800315,-14,14,False
20800316,16,16,False
20800317,-1,1,True
20800318,-6,6,True
20800319,8,8,True
20800320,9,9,True
20800321,25,25,False
20800322,9,9,True
20800323,-34,34,False
20800324,1,1,True
20800325,8,8,True
20800326,18,18,False
20800327,-17,17,False
20800328,-29,29,False
20800329,9,9,True
20800330,2,2,True
20800331,10,10,False
20800332,-16,16,False
20800333,1,1,True
20800334,0,0,True
20800335,-11,11,False
20800336,7,7,True
20800337,2,2,True
20800338,-5,5,True
20800339,15,15,False
20800340,3,3,True
20800341,6,6,True
20800342,9,9,True
20800343,22,22,False
20800344,-8,8,True
20800345,-29,29,False
20800346,13,13,False
20800347,-7,7,True
20800348,17,17,False
20800349,3,3,True
20800350,12,12,False
20800351,7,7,True
20800352,-8,8,True
20800353,-18,18,False
20800354,7,7,True
20800355,-11,11,False
20800356,-11,11,False
20800357,4,4,True
20800358,21,21,False
20800359,-14,14,False
20800360,-2,2,True
20800361,-3,3,True
20800362,-11,11,False
20800363,9,9,True
20800364,36,36,False
20800365,2,2,True
20800366,1,1,True
20800367,3,3,True
20800368,2,2,True
20800369,-10,10,False
20800370,14,14,False
20800371,-9,9,True
20800372,-19,19,False
20800373,-1,1,True
20800374,1,1,True
20800375,15,15,False
20800376,0,0,True
20800377,0,0,True
20800378,-2,2,True
20800379,12,12,False
20800380,16,16,False
20800381,24,24,False
20800382,-17,17,False
20800383,-4,4,True
20800384,-28,28,False
20800385,4,4,True
20800386,3,3,True
20800387,6,6,True
20800388,-16,16,False
20800389,-9,9,True
20800390,1,1,True
20800391,1,1,True
20800392,-8,8,True
20800393,1,1,True
20800394,12,12,False
20800395,5,5,True
20800396,42,42,False
20800397,8,8,True
20800398,3,3,True
20800399,6,6,True
20800400,15,15,False
20800401,-11,11,False
20800402,-14,14,False
20800403,31,31,False
20800404,-25,25,False
20800405,-1,1,True
20800406,19,19,False
20800407,5,5,True
20800408,-22,22,False
20800409,7,7,True
20800410,7,7,True
20800411,7,7,True
20800412,1,1,True
20800413,17,17,False
20800414,8,8,True
20800415,11,11,False
20800416,5,5,True
20800417,-10,10,False
20800418,12,12,False
20800419,5,5,True
20800420,8,8,True
20800421,20,20,False
20800422,-1,1,True
20800423,4,4,True
20800424,-4,4,True
20800425,-7,7,True
20800426,15,15,False
20800427,-4,4,True
20800428,-9,9,True
20800429,3,3,True
20800430,3,3,True
20800431,3,3,True
20800432,-1,1,True
20800433,9,9,True
20800434,-4,4,True
20800435,5,5,True
20800436,4,4,True
20800437,0,0,True
20800438,10,10,False
20800439,-19,19,False
20800440,3,3,True
20800441,-13,13,False
20800442,0,0,True
20800443,10,10,False
20800444,-6,6,True
20800445,-18,18,False
20800446,4,4,True
20800447,-2,2,True
20800448,-48,48,False
20800449,23,23,False
20800450,21,21,False
20800451,5,5,True
20800452,-8,8,True
20800453,-2,2,True
20800454,-8,8,True
20800455,-1,1,True
20800456,15,15,False
20800457,4,4,True
20800458,-3,3,True
20800459,-2,2,True
20800460,9,9,True
20800461,-8,8,True
20800462,10,10,False
20800463,2,2,True
20800464,-2,2,True
20800465,2,2,True
20800466,0,0,True
20800467,-27,27,False
20800468,5,5,True
20800469,1,1,True
20800470,-10,10,False
20800471,5,5,True
20800472,-2,2,True
20800473,8,8,True
20800474,23,23,False
20800475,25,25,False
20800476,20,20,False
20800477,4,4,True
20800478,1,1,True
20800479,8,8,True
20800480,-14,14,False
20800481,10,10,False
20800482,0,0,True
20800483,9,9,True
20800484,26,26,False
20800485,10,10,False
20800486,-10,10,False
20800487,11,11,False
20800488,4,4,True
20800489,13,13,False
20800490,-1,1,True
20800491,-1,1,True
20800492,-6,6,True
20800493,2,2,True
20800494,2,2,True
20800495,1,1,True
20800496,4,4,True
20800497,0,0,True
20800498,19,19,False
20800499,12,12,False
20800500,14,14,False
20800501,-3,3,True
20800502,8,8,True
20800503,-3,3,True
20800504,21,21,False
20800505,4,4,True
20800506,-1,1,True
20800507,5,5,True
20800508,4,4,True
20800509,-3,3,True
20800510,6,6,True
20800511,3,3,True
20800512,-2,2,True
20800513,-9,9,True
20800514,-5,5,True
20800515,31,31,False
20800516,-9,9,True
20800517,-1,1,True
20800518,7,7,True
20800519,-3,3,True
20800520,44,44,False
20800521,8,8,True
20800522,-4,4,True
20800523,28,28,False
20800524,-2,2,True
20800525,-5,5,True
20800526,1,1,True
20800527,19,19,False
20800528,37,37,False
20800529,10,10,False
20800530,23,23,False
20800531,18,18,False
20800532,23,23,False
20800533,-2,2,True
20800534,8,8,True
20800535,5,5,True
20800536,3,3,True
20800537,-3,3,True
20800538,4,4,True
20800539,30,30,False
20800540,-5,5,True
20800541,1,1,True
20800542,1,1,True
20800543,20,20,False
20800544,22,22,False
20800545,8,8,True
20800546,-8,8,True
20800547,-13,13,False
20800548,-5,5,True
20800549,-1,1,True
20800550,-2,2,True
20800551,6,6,True
20800552,5,5,True
20800553,-3,3,True
20800554,6,6,True
20800555,0,0,True
20800556,-5,5,True
20800557,-14,14,False
20800558,5,5,True
20800559,2,2,True
20800560,-20,20,False
20800561,-2,2,True
20800562,-4,4,True
20800563,-2,2,True
20800564,0,0,True
20800565,-37,37,False
20800566,-1,1,True
20800567,21,21,False
20800568,-2,2,True
20800569,31,31,False
20800570,8,8,True
20800571,-4,4,True
20800572,17,17,False
20800573,-6,6,True
20800574,-1,1,True
20800575,-4,4,True
20800576,-13,13,False
20800577,-6,6,True
20800578,-2,2,True
20800579,-1,1,True
20800580,5,5,True
20800581,21,21,False
20800582,-1,1,True
20800583,13,13,False
20800584,-7,7,True
20800585,15,15,False
20800586,1,1,True
20800587,-7,7,True
20800588,2,2,True
20800589,1,1,True
20800590,-22,22,False
20800591,2,2,True
20800592,-2,2,True
20800593,-9,9,True
20800594,1,1,True
20800595,11,11,False
20800596,4,4,True
20800597,-15,15,False
20800598,5,5,True
20800599,-3,3,True
20800600,-15,15,False
20800601,0,0,True
20800602,-10,10,False
20800603,-2,2,True
20800604,-4,4,True
20800605,4,4,True
20800606,-4,4,True
20800607,3,3,True
20800608,20,20,False
20800609,-4,4,True
20800610,21,21,False
20800611,11,11,False
20800612,10,10,False
20800613,-6,6,True
20800614,19,19,False
20800615,30,30,False
20800616,4,4,True
20800617,11,11,False
20800618,17,17,False
20800619,-19,19,False
20800620,7,7,True
20800621,37,37,False
20800622,5,5,True
20800623,6,6,True
20800624,-7,7,True
20800625,-6,6,True
20800626,0,0,True
20800627,-7,7,True
20800628,-7,7,True
20800629,22,22,False
20800630,21,21,False
20800631,-16,16,False
20800632,7,7,True
20800633,29,29,False
20800634,18,18,False
20800635,5,5,True
20800636,-12,12,False
20800637,1,1,True
20800638,-1,1,True
20800639,8,8,True
20800640,2,2,True
20800641,4,4,True
20800642,-8,8,True
20800643,2,2,True
20800644,-5,5,True
20800645,14,14,False
20800646,25,25,False
20800647,16,16,False
20800648,-4,4,True
20800649,17,17,False
20800650,-4,4,True
20800651,3,3,True
20800652,-2,2,True
20800653,20,20,False
20800654,21,21,False
20800655,-10,10,False
20800656,16,16,False
20800657,1,1,True
20800658,-5,5,True
20800659,7,7,True
20800660,14,14,False
20800661,-20,20,False
20800662,10,10,False
20800663,25,25,False
20800664,-17,17,False
20800665,-3,3,True
20800666,-5,5,True
20800667,4,4,True
20800668,19,19,False
20800669,20,20,False
20800670,-5,5,True
20800671,8,8,True
20800672,-1,1,True
20800673,16,16,False
20800674,6,6,True
20800675,-4,4,True
20800676,22,22,False
20800677,16,16,False
20800678,-23,23,False
20800679,14,14,False
20800680,-4,4,True
20800681,-7,7,True
20800682,11,11,False
20800683,7,7,True
20800684,-9,9,True
20800685,15,15,False
20800686,19,19,False
20800687,-12,12,False
20800688,18,18,False
20800689,21,21,False
20800690,-4,4,True
20800691,-23,23,False
20800692,-11,11,False
20800693,2,2,True
20800694,-10,10,False
20800695,-14,14,False
20800696,11,11,False
20800697,14,14,False
20800698,10,10,False
20800699,10,10,False
20800700,-10,10,False
20800701,18,18,False
20800702,6,6,True
20800703,-19,19,False
20800704,-8,8,True
20800705,2,2,True
20800706,-11,11,False
20800707,-12,12,False
20800708,18,18,False
20800709,-20,20,False
20800710,-4,4,True
20800711,45,45,False
20800712,16,16,False
20800713,2,2,True
20800714,16,16,False
20800715,-4,4,True
20800716,5,5,True
20800717,15,15,False
20800718,12,12,False
20800719,4,4,True
20800720,34,34,False
20800721,-6,6,True
20800722,-27,27,False
20800723,2,2,True
20800724,-1,1,True
20800725,9,9,True
20800726,-4,4,True
20800727,-13,13,False
20800728,-1,1,True
20800729,11,11,False
20800730,16,16,False
20800731,4,4,True
20800732,2,2,True
20800733,24,24,False
20800734,-5,5,True
20800735,5,5,True
20800736,-13,13,False
20800737,-23,23,False
20800738,6,6,True
20800739,10,10,False
20800740,-26,26,False
20800741,-1,1,True
20800742,6,6,True
20800743,-27,27,False
20800744,11,11,False
20800745,39,39,False
20800746,6,6,True
20800747,-5,5,True
20800748,17,17,False
20800749,3,3,True
20800750,1,1,True
20800751,-7,7,True
20800752,6,6,True
20800753,13,13,False
20800754,-4,4,True
20800755,-3,3,True
20800756,0,0,True
20800757,6,6,True
20800758,-8,8,True
20800759,20,20,False
20800760,20,20,False
20800761,16,16,False
20800762,7,7,True
20800763,19,19,False
20800764,19,19,False
20800765,4,4,True
20800766,-18,18,False
20800767,-14,14,False
20800768,-6,6,True
20800769,-4,4,True
20800770,24,24,False
20800771,18,18,False
20800772,8,8,True
20800773,11,11,False
20800774,19,19,False
20800775,-6,6,True
20800776,0,0,True
20800777,-3,3,True
20800778,-5,5,True
20800779,5,5,True
20800780,-12,12,False
20800781,13,13,False
20800782,2,2,True
20800783,13,13,False
20800784,-2,2,True
20800785,-3,3,True
20800786,-3,3,True
20800787,5,5,True
20800788,9,9,True
20800789,0,0,True
20800790,-1,1,True
20800791,-4,4,True
20800792,1,1,True
20800793,-1,1,True
20800794,26,26,False
20800795,52,52,False
20800796,18,18,False
20800797,21,21,False
20800798,8,8,True
20800799,-19,19,False
20800800,-1,1,True
20800801,-10,10,False
20800802,30,30,False
20800803,-15,15,False
20800804,12,12,False
20800805,2,2,True
20800806,-2,2,True
20800807,-8,8,True
20800808,-24,24,False
20800809,-1,1,True
20800810,0,0,True
20800811,-14,14,False
20800812,26,26,False
20800813,-7,7,True
20800814,-10,10,False
20800815,-11,11,False
20800816,15,15,False
20800817,5,5,True
20800818,-8,8,True
20800819,17,17,False
20800820,14,14,False
20800821,-2,2,True
20800822,1,1,True
20800823,-31,31,False
20800824,16,16,False
20800825,12,12,False
20800826,10,10,False
20800827,1,1,True
20800828,6,6,True
20800829,-19,19,False
20800830,23,23,False
20800831,-1,1,True
20800832,23,23,False
20800833,27,27,False
20800834,-1,1,True
20800835,21,21,False
20800836,-3,3,True
20800837,1,1,True
20800838,-36,36,False
20800839,22,22,False
20800840,-4,4,True
20800841,7,7,True
20800842,18,18,False
20800843,7,7,True
20800844,11,11,False
20800845,17,17,False
20800846,-11,11,False
20800847,4,4,True
20800848,14,14,False
20800849,10,10,False
20800850,2,2,True
20800851,-11,11,False
20800852,13,13,False
20800853,-9,9,True
20800854,-12,12,False
20800855,2,2,True
20800856,21,21,False
20800857,9,9,True
20800858,6,6,True
20800859,-11,11,False
20800860,-1,1,True
20800861,19,19,False
20800862,24,24,False
20800863,7,7,True
20800864,-6,6,True
20800865,23,23,False
20800866,7,7,True
20800867,5,5,True
20800868,-2,2,True
20800869,-21,21,False
20800870,0,0,True
20800871,11,11,False
20800872,16,16,False
20800873,-11,11,False
20800874,18,18,False
20800875,1,1,True
20800876,0,0,True
20800877,3,3,True
20800878,-9,9,True
20800879,-4,4,True
20800880,13,13,False
20800881,16,16,False
20800882,-2,2,True
20800883,-6,6,True
20800884,9,9,True
20800885,2,2,True
20800886,4,4,True
20800887,6,6,True
20800888,-16,16,False
20800889,23,23,False
20800890,10,10,False
20800891,-9,9,True
20800892,-6,6,True
20800893,-11,11,False
20800894,-5,5,True
20800895,9,9,True
20800896,-24,24,False
20800897,15,15,False
20800898,8,8,True
20800899,4,4,True
20800900,-1,1,True
20800901,-22,22,False
20800902,10,10,False
20800903,-12,12,False
20800904,10,10,False
20800905,21,21,False
20800906,4,4,True
20800907,-3,3,True
20800908,10,10,False
20800909,-1,1,True
20800910,17,17,False
20800911,7,7,True
20800912,6,6,True
20800913,0,0,True
20800914,-19,19,False
20800915,19,19,False
20800916,16,16,False
20800917,6,6,True
20800918,4,4,True
20800919,-11,11,False
20800920,12,12,False
20800921,17,17,False
20800922,13,13,False
20800923,1,1,True
20800924,26,26,False
20800925,21,21,False
20800926,9,9,True
20800927,4,4,True
20800928,6,6,True
20800929,-8,8,True
20800930,-4,4,True
20800931,18,18,False
20800932,10,10,False
20800933,8,8,True
20800934,2,2,True
20800935,2,2,True
20800936,-5,5,True
20800937,-4,4,True
20800938,3,3,True
20800939,-1,1,True
20800940,16,16,False
20800941,15,15,False
20800942,8,8,True
20800943,7,7,True
20800944,-1,1,True
20900001,-4,4,True
20900002,-8,8,True
20900003,8,8,True
20900004,9,9,True
20900005,10,10,False
20900006,20,20,False
20900007,10,10,False
20900008,29,29,False
20900009,26,26,False
20900010,-22,22,False
20900011,-3,3,True
20900012,15,15,False
20900013,16,16,False
20900014,11,11,False
20900015,-7,7,True
20900016,1,1,True
20900017,12,12,False
20900018,-3,3,True
20900019,0,0,True
20900020,12,12,False
20900021,10,10,False
20900022,26,26,False
20900023,-9,9,True
20900024,-12,12,False
20900025,5,5,True
20900026,-17,17,False
20900027,-11,11,False
20900028,-3,3,True
20900029,13,13,False
20900030,25,25,False
20900031,-17,17,False
20900032,24,24,False
20900033,17,17,False
20900034,-7,7,True
20900035,11,11,False
20900036,8,8,True
20900037,19,19,False
20900038,-5,5,True
20900039,-8,8,True
20900040,8,8,True
20900041,3,3,True
20900042,-8,8,True
20900043,8,8,True
20900044,8,8,True
20900045,16,16,False
20900046,11,11,False
20900047,10,10,False
20900048,-16,16,False
20900049,1,1,True
20900050,2,2,True
20900051,14,14,False
20900052,-21,21,False
20900053,-32,32,False
20900054,2,2,True
20900055,-9,9,True
20900056,5,5,True
20900057,-2,2,True
20900058,2,2,True
20900059,-1,1,True
20900060,24,24,False
20900061,9,9,True
20900062,0,0,True
20900063,-29,29,False
20900064,-8,8,True
20900065,-3,3,True
20900066,1,1,True
20900067,-4,4,True
20900068,-7,7,True
20900069,8,8,True
20900070,-4,4,True
20900071,16,16,False
20900072,20,20,False
20900073,20,20,False
20900074,9,9,True
20900075,3,3,True
20900076,-4,4,True
20900077,12,12,False
20900078,-15,15,False
20900079,-19,19,False
20900080,-11,11,False
20900081,8,8,True
20900082,-34,34,False
20900083,13,13,False
20900084,6,6,True
20900085,25,25,False
20900086,-6,6,True
20900087,5,5,True
20900088,21,21,False
20900089,21,21,False
20900090,-8,8,True
20900091,4,4,True
20900092,4,4,True
20900093,-13,13,False
20900094,27,27,False
20900095,23,23,False
20900096,19,19,False
20900097,16,16,False
20900098,-3,3,True
20900099,-2,2,True
20900100,11,11,False
20900101,42,42,False
20900102,-26,26,False
20900103,-12,12,False
20900104,5,5,True
20900105,-2,2,True
20900106,-13,13,False
20900107,18,18,False
20900108,4,4,True
20900109,8,8,True
20900110,9,9,True
20900111,23,23,False
20900112,23,23,False
20900113,0,0,True
20900114,-12,12,False
20900115,8,8,True
20900116,-18,18,False
20900117,-14,14,False
20900118,25,25,False
20900119,7,7,True
20900120,-3,3,True
20900121,22,22,False
20900122,-8,8,True
20900123,18,18,False
20900124,18,18,False
20900125,-22,22,False
20900126,-13,13,False
20900127,-7,7,True
20900128,-19,19,False
20900129,-11,11,False
20900130,5,5,True
20900131,25,25,False
20900132,-7,7,True
20900133,22,22,False
20900134,-8,8,True
20900135,9,9,True
20900136,0,0,True
20900137,1,1,True
20900138,0,0,True
20900139,10,10,False
20900140,9,9,True
20900141,2,2,True
20900142,-3,3,True
20900143,-5,5,True
20900144,-1,1,True
20900145,3,3,True
20900146,-13,13,False
20900147,0,0,True
20900148,5,5,True
20900149,-2,2,True
20900150,4,4,True
20900151,-8,8,True
20900152,-6,6,True
20900153,10,10,False
20900154,-2,2,True
20900155,21,21,False
20900156,-14,14,False
20900157,8,8,True
20900158,14,14,False
20900159,1,1,True
20900160,20,20,False
20900161,-1,1,True
20900162,14,14,False
20900163,17,17,False
20900164,17,17,False
20900165,15,15,False
20900166,-9,9,True
20900167,12,12,False
20900168,0,0,True
20900169,6,6,True
20900170,6,6,True
20900171,-1,1,True
20900172,16,16,False
20900173,-6,6,True
20900174,-5,5,True
20900175,4,4,True
20900176,10,10,False
20900177,-2,2,True
20900178,10,10,False
20900179,11,11,False
20900180,8,8,True
20900181,18,18,False
20900182,8,8,True
20900183,-4,4,True
20900184,6,6,True
20900185,-3,3,True
20900186,10,10,False
20900187,4,4,True
20900188,27,27,False
20900189,25,25,False
20900190,1,1,True
20900191,29,29,False
20900192,-6,6,True
20900193,-2,2,True
20900194,21,21,False
20900195,-2,2,True
20900196,23,23,False
20900197,18,18,False
20900198,10,10,False
20900199,16,16,False
20900200,20,20,False
20900201,3,3,True
20900202,11,11,False
20900203,5,5,True
20900204,-3,3,True
20900205,15,15,False
20900206,-10,10,False
20900207,12,12,False
20900208,34,34,False
20900209,6,6,True
20900210,6,6,True
20900211,-2,2,True
20900212,-6,6,True
20900213,-12,12,False
20900214,-1,1,True
20900215,-29,29,False
20900216,14,14,False
20900217,21,21,False
20900218,9,9,True
20900219,21,21,False
20900220,-14,14,False
20900221,20,20,False
20900222,7,7,True
20900223,-9,9,True
20900224,-10,10,False
20900225,15,15,False
20900226,-6,6,True
20900227,-22,22,False
20900228,19,19,False
20900229,-6,6,True
20900230,5,5,True
20900231,-30,30,False
20900232,-10,10,False
20900233,10,10,False
20900234,-20,20,False
20900235,15,15,False
20900236,0,0,True
20900237,21,21,False
20900238,-30,30,False
20900239,6,6,True
20900240,0,0,True
20900241,-18,18,False
20900242,-3,3,True
20900243,-12,12,False
20900244,-3,3,True
20900245,6,6,True
20900246,-7,7,True
20900247,15,15,False
20900248,18,18,False
20900249,3,3,True
20900250,7,7,True
20900251,25,25,False
20900252,14,14,False
20900253,-18,18,False
20900254,-6,6,True
20900255,27,27,False
20900256,26,26,False
20900257,-9,9,True
20900258,12,12,False
20900259,32,32,False
20900260,15,15,False
20900261,17,17,False
20900262,-3,3,True
20900263,-19,19,False
20900264,13,13,False
20900265,-2,2,True
20900266,11,11,False
20900267,8,8,True
20900268,-13,13,False
20900269,-6,6,True
20900270,20,20,False
20900271,-2,2,True
20900272,-1,1,True
20900273,-9,9,True
20900274,14,14,False
20900275,7,7,True
20900276,20,20,False
20900277,4,4,True
20900278,10,10,False
20900279,-20,20,False
20900280,7,7,True
20900281,2,2,True
20900282,-4,4,True
20900283,-36,36,False
20900284,6,6,True
20900285,-4,4,True
20900286,-5,5,True
20900287,7,7,True
20900288,3,3,True
20900289,-5,5,True
20900290,11,11,False
20900291,9,9,True
20900292,-18,18,False
20900293,4,4,True
20900294,-13,13,False
20900295,18,18,False
20900296,-14,14,False
20900297,13,13,False
20900298,17,17,False
20900299,3,3,True
20900300,4,4,True
20900301,0,0,True
20900302,5,5,True
20900303,-3,3,True
20900304,2,2,True
20900305,3,3,True
20900306,7,7,True
20900307,-12,12,False
20900308,32,32,False
20900309,-7,7,True
20900310,0,0,True
20900311,-11,11,False
20900312,18,18,False
20900313,1,1,True
20900314,8,8,True
20900315,8,8,True
20900316,26,26,False
20900317,1,1,True
20900318,-2,2,True
20900319,10,10,False
20900320,16,16,False
20900321,-7,7,True
20900322,-21,21,False
20900323,-14,14,False
20900324,2,2,True
20900325,1,1,True
20900326,-7,7,True
20900327,-11,11,False
20900328,16,16,False
20900329,13,13,False
20900330,0,0,True
20900331,2,2,True
20900332,7,7,True
20900333,-24,24,False
20900334,-4,4,True
20900335,4,4,True
20900336,3,3,True
20900337,13,13,False
20900338,23,23,False
20900339,11,11,False
20900340,25,25,False
20900341,-28,28,False
20900342,-11,11,False
20900343,-27,27,False
20900344,5,5,True
20900345,18,18,False
20900346,-6,6,True
20900347,5,5,True
20900348,13,13,False
20900349,1,1,True
20900350,6,6,True
20900351,-3,3,True
20900352,11,11,False
20900353,25,25,False
20900354,-6,6,True
20900355,14,14,False
20900356,13,13,False
20900357,1,1,True
20900358,13,13,False
20900359,7,7,True
20900360,23,23,False
20900361,-3,3,True
20900362,-18,18,False
20900363,0,0,True
20900364,-20,20,False
20900365,0,0,True
20900366,-7,7,True
20900367,10,10,False
20900368,5,5,True
20900369,-9,9,True
20900370,6,6,True
20900371,17,17,False
20900372,5,5,True
20900373,23,23,False
20900374,18,18,False
20900375,2,2,True
20900376,7,7,True
20900377,15,15,False
20900378,21,21,False
20900379,6,6,True
20900380,4,4,True
20900381,9,9,True
20900382,-6,6,True
20900383,-6,6,True
20900384,-10,10,False
20900385,11,11,False
20900386,1,1,True
20900387,-4,4,True
20900388,-22,22,False
20900389,6,6,True
20900390,1,1,True
20900391,1,1,True
20900392,32,32,False
20900393,5,5,True
20900394,5,5,True
20900395,18,18,False
20900396,-10,10,False
20900397,0,0,True
20900398,7,7,True
20900399,5,5,True
20900400,-1,1,True
20900401,4,4,True
20900402,1,1,True
20900403,16,16,False
20900404,-19,19,False
20900405,14,14,False
20900406,6,6,True
20900407,5,5,True
20900408,3,3,True
20900409,12,12,False
20900410,-21,21,False
20900411,-5,5,True
20900412,10,10,False
20900413,5,5,True
20900414,13,13,False
20900415,-26,26,False
20900416,14,14,False
20900417,-1,1,True
20900418,-10,10,False
20900419,3,3,True
20900420,-9,9,True
20900421,20,20,False
20900422,2,2,True
20900423,0,0,True
20900424,-5,5,True
20900425,-8,8,True
20900426,-16,16,False
20900427,33,33,False
20900428,11,11,False
20900429,3,3,True
20900430,-14,14,False
20900431,-3,3,True
20900432,11,11,False
20900433,8,8,True
20900434,6,6,True
20900435,-19,19,False
20900436,22,22,False
20900437,-4,4,True
20900438,2,2,True
20900439,5,5,True
20900440,27,27,False
20900441,37,37,False
20900442,-4,4,True
20900443,-4,4,True
20900444,-4,4,True
20900445,15,15,False
20900446,-14,14,False
20900447,5,5,True
20900448,21,21,False
20900449,-14,14,False
20900450,1,1,True
20900451,3,3,True
20900452,-9,9,True
20900453,-11,11,False
20900454,-17,17,False
20900455,11,11,False
20900456,7,7,True
20900457,15,15,False
20900458,1,1,True
20900459,-1,1,True
20900460,-13,13,False
20900461,18,18,False
20900462,1,1,True
20900463,11,11,False
20900464,-9,9,True
20900465,1,1,True
20900466,19,19,False
20900467,8,8,True
20900468,-9,9,True
20900469,-12,12,False
20900470,3,3,True
20900471,30,30,False
20900472,0,0,True
20900473,19,19,False
20900474,2,2,True
20900475,-12,12,False
20900476,-4,4,True
20900477,-10,10,False
20900478,-6,6,True
20900479,7,7,True
20900480,-9,9,True
20900481,9,9,True
20900482,9,9,True
20900483,-4,4,True
20900484,0,0,True
20900485,-32,32,False
20900486,-12,12,False
20900487,12,12,False
20900488,-13,13,False
20900489,-1,1,True
20900490,46,46,False
20900491,5,5,True
20900492,-8,8,True
20900493,39,39,False
20900494,19,19,False
20900495,-12,12,False
20900496,-7,7,True
20900497,18,18,False
20900498,0,0,True
20900499,11,11,False
20900500,-8,8,True
20900501,-22,22,False
20900502,6,6,True
20900503,-3,3,True
20900504,3,3,True
20900505,-2,2,True
20900506,7,7,True
20900507,28,28,False
20900508,23,23,False
20900509,-4,4,True
20900510,-2,2,True
20900511,-3,3,True
20900512,-3,3,True
20900513,16,16,False
20900514,8,8,True
20900515,24,24,False
20900516,13,13,False
20900517,3,3,True
20900518,0,0,True
20900519,7,7,True
20900520,5,5,True
20900521,-1,1,True
20900522,6,6,True
20900523,10,10,False
20900524,4,4,True
20900525,-6,6,True
20900526,-2,2,True
20900527,8,8,True
20900528,-1,1,True
20900529,1,1,True
20900530,1,1,True
20900531,27,27,False
20900532,-10,10,False
20900533,20,20,False
20900534,4,4,True
20900535,-17,17,False
20900536,5,5,True
20900537,-2,2,True
20900538,-6,6,True
20900539,-5,5,True
20900540,14,14,False
20900541,10,10,False
20900542,-9,9,True
20900543,21,21,False
20900544,1,1,True
20900545,3,3,True
20900546,-2,2,True
20900547,32,32,False
20900548,21,21,False
20900549,12,12,False
20900550,5,5,True
20900551,27,27,False
20900552,-8,8,True
20900553,4,4,True
20900554,-7,7,True
20900555,0,0,True
20900556,10,10,False
20900557,-15,15,False
20900558,9,9,True
20900559,7,7,True
20900560,2,2,True
20900561,-21,21,False
20900562,20,20,False
20900563,-4,4,True
20900564,-5,5,True
20900565,5,5,True
20900566,23,23,False
20900567,15,15,False
20900568,-10,10,False
20900569,-8,8,True
20900570,3,3,True
20900571,15,15,False
20900572,11,11,False
20900573,-2,2,True
20900574,-1,1,True
20900575,3,3,True
20900576,26,26,False
20900577,-17,17,False
20900578,-10,10,False
20900579,2,2,True
20900580,-12,12,False
20900581,-5,5,True
20900582,39,39,False
20900583,14,14,False
20900584,24,24,False
20900585,-4,4,True
20900586,4,4,True
20900587,6,6,True
20900588,4,4,True
20900589,14,14,False
20900590,17,17,False
20900591,-1,1,True
20900592,22,22,False
20900593,6,6,True
20900594,7,7,True
20900595,2,2,True
20900596,-2,2,True
20900597,2,2,True
20900598,0,0,True
20900599,16,16,False
20900600,3,3,True
20900601,-9,9,True
20900602,19,19,False
20900603,8,8,True
20900604,-12,12,False
20900605,8,8,True
20900606,4,4,True
20900607,21,21,False
20900608,14,14,False
20900609,40,40,False
20900610,11,11,False
20900611,-5,5,True
20900612,-3,3,True
20900613,5,5,True
20900614,3,3,True
20900615,-6,6,True
20900616,1,1,True
20900617,24,24,False
20900618,-5,5,True
20900619,-2,2,True
20900620,4,4,True
20900621,4,4,True
20900622,22,22,False
20900623,17,17,False
20900624,12,12,False
20900625,3,3,True
20900626,-24,24,False
20900627,9,9,True
20900628,5,5,True
20900629,-17,17,False
20900630,2,2,True
20900631,-1,1,True
20900632,-8,8,True
20900633,-4,4,True
20900634,29,29,False
20900635,-6,6,True
20900636,-1,1,True
20900637,-11,11,False
20900638,3,3,True
20900639,-2,2,True
20900640,32,32,False
20900641,-8,8,True
20900642,28,28,False
20900643,3,3,True
20900644,4,4,True
20900645,34,34,False
20900646,-49,49,False
20900647,-5,5,True
20900648,-2,2,True
20900649,-2,2,True
20900650,8,8,True
20900651,-1,1,True
20900652,0,0,True
20900653,-13,13,False
20900654,0,0,True
20900655,12,12,False
20900656,8,8,True
20900657,0,0,True
20900658,-15,15,False
20900659,30,30,False
20900660,7,7,True
20900661,1,1,True
20900662,4,4,True
20900663,12,12,False
20900664,-19,19,False
20900665,3,3,True
20900666,2,2,True
20900667,10,10,False
20900668,3,3,True
20900669,-8,8,True
20900670,-9,9,True
20900671,15,15,False
20900672,-10,10,False
20900673,-13,13,False
20900674,3,3,True
20900675,2,2,True
20900676,3,3,True
20900677,-22,22,False
20900678,-9,9,True
20900679,6,6,True
20900680,-27,27,False
20900681,12,12,False
20900682,-2,2,True
20900683,3,3,True
20900684,19,19,False
20900685,4,4,True
20900686,9,9,True
20900687,6,6,True
20900688,-14,14,False
20900689,18,18,False
20900690,2,2,True
20900691,7,7,True
20900692,-2,2,True
20900693,8,8,True
20900694,-7,7,True
20900695,-8,8,True
20900696,2,2,True
21000192,-2,2,True
21000193,-1,1,True
21000194,28,28,False
21000195,-25,25,False
21000196,-16,16,False
21000197,1,1,True
21000198,-8,8,True
21000199,2,2,True
21000200,18,18,False
21000201,-12,12,False
21000202,-4,4,True
21000203,16,16,False
21000204,5,5,True
21000205,-4,4,True
21000206,3,3,True
21000207,3,3,True
21000208,7,7,True
21000209,-4,4,True
21000210,0,0,True
21000211,12,12,False
21000212,9,9,True
21000213,6,6,True
21000214,25,25,False
21000215,6,6,True
21000216,-12,12,False
21000217,9,9,True
21000218,2,2,True
21000219,19,19,False
21000220,21,21,False
21000221,17,17,False
21000222,11,11,False
21000223,13,13,False
21000224,10,10,False
21000225,19,19,False
21000226,11,11,False
21000227,5,5,True
21000228,-5,5,True
21000229,3,3,True
21000230,12,12,False
21000231,-3,3,True
21000232,6,6,True
21000233,-14,14,False
21000234,-15,15,False
21000235,1,1,True
21000236,0,0,True
21000237,14,14,False
21000238,-13,13,False
21000239,6,6,True
21000240,5,5,True
21000241,-11,11,False
21000242,-21,21,False
21000243,-4,4,True
21000244,-13,13,False
21000245,-14,14,False
21000246,0,0,True
21000247,4,4,True
21000248,6,6,True
21000249,-5,5,True
21000250,18,18,False
21000251,4,4,True
21000252,16,16,False
21000253,21,21,False
21000254,-15,15,False
21000255,6,6,True
21000256,6,6,True
21000257,13,13,False
21000258,6,6,True
21000259,-9,9,True
21000260,-23,23,False
21000261,6,6,True
21000262,1,1,True
21000263,23,23,False
21000264,8,8,True
21000265,26,26,False
21000266,-25,25,False
21000267,9,9,True
21000268,21,21,False
21000269,1,1,True
21000270,13,13,False
21000271,18,18,False
21000272,7,7,True
21000273,-27,27,False
21000274,-5,5,True
21000275,8,8,True
21000276,11,11,False
21000277,6,6,True
21000278,-4,4,True
21000279,-10,10,False
21000280,18,18,False
21000281,-16,16,False
21000282,-10,10,False
21000283,0,0,True
21000284,8,8,True
21000285,5,5,True
21000286,-15,15,False
21000287,33,33,False
21000288,9,9,True
21000289,22,22,False
21000290,-1,1,True
21000291,38,38,False
21000292,6,6,True
21000293,3,3,True
21000294,-26,26,False
21000295,-15,15,False
21000296,16,16,False
21000297,7,7,True
21000298,23,23,False
21000299,5,5,True
21000300,19,19,False
21000301,6,6,True
21000302,20,20,False
21000303,-9,9,True
21000304,6,6,True
21000305,13,13,False
21000306,-8,8,True
21000307,9,9,True
21000308,-2,2,True
21000309,7,7,True
21000310,6,6,True
21000311,17,17,False
21000312,7,7,True
21000313,14,14,False
21000314,4,4,True
21000315,7,7,True
21000316,16,16,False
21000317,2,2,True
21000318,0,0,True
21000319,-2,2,True
21000320,-4,4,True
21000321,22,22,False
21000322,14,14,False
21000323,-2,2,True
21000324,-10,10,False
21000325,23,23,False
21000326,4,4,True
21000327,2,2,True
21000328,11,11,False
21000329,15,15,False
21000330,8,8,True
21000331,-7,7,True
21000332,-7,7,True
21000333,6,6,True
21000334,11,11,False
21000335,-3,3,True
21000336,6,6,True
21000337,11,11,False
21000338,-6,6,True
21000339,9,9,True
21000340,-21,21,False
21000341,-1,1,True
21000342,10,10,False
21000343,-21,21,False
21000344,0,0,True
21000345,32,32,False
21000346,4,4,True
21000347,16,16,False
21000348,-21,21,False
21000349,3,3,True
21000350,20,20,False
21000351,-1,1,True
21000352,29,29,False
21000353,16,16,False
21000354,-12,12,False
21000355,13,13,False
21000356,13,13,False
21000357,12,12,False
21000358,-6,6,True
21000359,17,17,False
21000360,0,0,True
21000361,-7,7,True
21000362,-16,16,False
21000363,21,21,False
21000364,19,19,False
21000365,17,17,False
21000366,13,13,False
21000367,-16,16,False
21000368,2,2,True
21000369,18,18,False
21000370,-15,15,False
21000371,7,7,True
21000372,31,31,False
21000373,3,3,True
21000374,15,15,False
21000375,2,2,True
21000376,7,7,True
21000377,0,0,True
21000378,1,1,True
21000379,11,11,False
21000380,-5,5,True
21000381,14,14,False
21000382,-20,20,False
21000383,-13,13,False
21000384,2,2,True
21000385,3,3,True
21000386,-19,19,False
21000387,27,27,False
21000388,16,16,False
21000389,21,21,False
21000390,14,14,False
21000391,5,5,True
21000392,-11,11,False
21000393,6,6,True
21000394,1,1,True
21000395,-6,6,True
21000396,-10,10,False
21000397,3,3,True
21000398,6,6,True
21000399,2,2,True
21000400,9,9,True
21000401,10,10,False
21000402,-9,9,True
21000403,-1,1,True
21000404,-2,2,True
21000405,-3,3,True
21000406,15,15,False
21000407,-13,13,False
21000408,-1,1,True
21000409,29,29,False
21000410,-3,3,True
21000411,11,11,False
21000412,23,23,False
21000413,-5,5,True
21000414,23,23,False
21000415,-22,22,False
21000416,-6,6,True
21000417,46,46,False
21000418,-6,6,True
21000419,5,5,True
21000420,-17,17,False
21000421,12,12,False
21000422,-27,27,False
21000423,-3,3,True
21000424,2,2,True
21000425,20,20,False
21000426,3,3,True
21000427,17,17,False
21000428,1,1,True
21000429,-6,6,True
21000430,20,20,False
21000431,-4,4,True
21000432,-13,13,False
21000433,10,10,False
21000434,-2,2,True
21000435,-20,20,False
21000436,8,8,True
21000437,5,5,True
21000438,10,10,False
21000439,-1,1,True
21000440,-5,5,True
21000441,-14,14,False
21000442,7,7,True
21000443,12,12,False
21000444,-3,3,True
21000445,6,6,True
21000446,-18,18,False
21000447,14,14,False
21000448,-10,10,False
21000449,17,17,False
21000450,-8,8,True
21000451,4,4,True
21000452,-5,5,True
21000453,-6,6,True
21000454,13,13,False
21000455,-13,13,False
21000456,-7,7,True
21000457,3,3,True
21000458,13,13,False
21000459,-9,9,True
21000460,17,17,False
21000461,18,18,False
21000462,9,9,True
21000463,7,7,True
21000464,13,13,False
21000465,14,14,False
21000466,-1,1,True
21000467,-18,18,False
21000468,18,18,False
21000469,-11,11,False
21000470,-7,7,True
21000471,-4,4,True
21000472,-9,9,True
21000473,6,6,True
21000474,-6,6,True
21000475,17,17,False
21000476,-2,2,True
21000477,-4,4,True
21000478,13,13,False
21000479,9,9,True
21000480,9,9,True
21000481,9,9,True
21000482,20,20,False
21000483,3,3,True
21000484,-11,11,False
21000485,6,6,True
21000486,9,9,True
21000487,14,14,False
21000488,25,25,False
21000489,7,7,True
21000490,15,15,False
21000491,5,5,True
21000492,5,5,True
21000493,-4,4,True
21000494,-10,10,False
21000495,-11,11,False
21000496,16,16,False
21000497,-3,3,True
21000498,-24,24,False
21000499,-14,14,False
21000500,13,13,False
21000501,1,1,True
21000502,5,5,True
21000503,7,7,True
21000504,0,0,True
21000505,18,18,False
21000506,9,9,True
21000507,20,20,False
21000508,2,2,True
21000509,0,0,True
21000510,-9,9,True
21000511,23,23,False
21000512,-17,17,False
21000513,3,3,True
21000514,11,11,False
21000515,10,10,False
21000516,2,2,True
21000517,3,3,True
21000518,-2,2,True
21000519,1,1,True
21000520,-21,21,False
21000521,-3,3,True
21000522,14,14,False
21000523,-7,7,True
21000524,17,17,False
21000525,3,3,True
21000526,6,6,True
21000527,23,23,False
21000528,24,24,False
21000529,16,16,False
21000530,7,7,True
21000531,-12,12,False
21000532,2,2,True
21000533,-23,23,False
21000534,17,17,False
21000535,4,4,True
21000536,19,19,False
21000537,15,15,False
21000538,-24,24,False
21000539,-3,3,True
21000540,8,8,True
21000541,2,2,True
21000542,-15,15,False
21000543,2,2,True
21000544,4,4,True
21000545,12,12,False
21000546,3,3,True
21000547,7,7,True
21000548,-9,9,True
21000549,5,5,True
21000550,18,18,False
21000551,15,15,False
21000552,-7,7,True
21000553,11,11,False
21000554,24,24,False
21000555,-2,2,True
21000556,6,6,True
21000557,-13,13,False
21000558,31,31,False
21000559,-14,14,False
21000560,54,54,False
21000561,1,1,True
21000562,11,11,False
21000563,4,4,True
21000564,23,23,False
21000565,-7,7,True
21000566,-3,3,True
21000567,5,5,True
21000568,-11,11,False
21000569,0,0,True
21000570,7,7,True
21000571,-2,2,True
21000572,6,6,True
21000573,8,8,True
21000574,4,4,True
21000575,30,30,False
21000576,-14,14,False
21000577,-2,2,True
21000578,-9,9,True
21000579,9,9,True
21000580,-13,13,False
21000581,18,18,False
21000582,2,2,True
21000583,22,22,False
21000584,1,1,True
21000585,8,8,True
21000586,10,10,False
21000587,-7,7,True
21000588,-8,8,True
21000589,6,6,True
21000590,6,6,True
21000591,3,3,True
21000592,20,20,False
21000593,-7,7,True
21000594,31,31,False
21000595,-1,1,True
21000596,7,7,True
21000597,13,13,False
21000598,-7,7,True
21000599,4,4,True
21000600,-10,10,False
21000601,-3,3,True
21000602,9,9,True
21000603,1,1,True
21000604,17,17,False
21000605,3,3,True
21000606,4,4,True
21000607,5,5,True
21000608,1,1,True
21000609,11,11,False
21000610,4,4,True
21000611,0,0,True
21000612,0,0,True
21000613,-8,8,True
21000614,4,4,True
21000615,0,0,True
21000616,-2,2,True
21000617,10,10,False
21000618,-3,3,True
21000619,14,14,False
21000620,9,9,True
21000621,13,13,False
21000622,5,5,True
21000623,0,0,True
21000624,0,0,True
21000625,23,23,False
21000626,1,1,True
21000627,1,1,True
21000628,10,10,False
21000629,16,16,False
21000630,36,36,False
21000631,-40,40,False
21000632,21,21,False
21000633,-16,16,False
21000634,-17,17,False
21000635,-1,1,True
21000636,8,8,True
21000637,-13,13,False
21000638,-3,3,True
21000639,-15,15,False
21000640,1,1,True
21000641,2,2,True
21000642,-3,3,True
21000643,15,15,False
21000644,13,13,False
21000645,13,13,False
21000646,22,22,False
21000647,-1,1,True
21000648,-13,13,False
21000649,-7,7,True
21000650,5,5,True
21000651,2,2,True
21000652,20,20,False
21000653,4,4,True
21000654,-5,5,True
21000655,17,17,False
21000656,-2,2,True
21000657,8,8,True
21000658,9,9,True
21000659,-12,12,False
21000660,-2,2,True
21000661,-9,9,True
21000662,-16,16,False
21000663,-9,9,True
21000664,17,17,False
21000665,10,10,False
21000666,-9,9,True
21000667,25,25,False
21000668,-12,12,False
21000669,5,5,True
21000670,-10,10,False
21000671,-5,5,True
21000672,3,3,True
21000673,2,2,True
21000674,8,8,True
21000675,-5,5,True
21000676,-10,10,False
21000677,-13,13,False
21000678,3,3,True
21000679,5,5,True
21000680,-12,12,False
21000681,32,32,False
21000682,2,2,True
21000683,-7,7,True
21000684,8,8,True
21000685,-10,10,False
21000686,1,1,True
21000687,7,7,True
21000688,-1,1,True
21000689,6,6,True
21000690,17,17,False
21000691,5,5,True
21000692,-5,5,True
21000693,20,20,False
21000694,15,15,False
21000695,22,22,False
21000696,10,10,False
21000697,12,12,False
21000698,13,13,False
21000699,4,4,True
21000700,13,13,False
21000701,-5,5,True
21000702,-12,12,False
21000703,16,16,False
21000704,15,15,False
21000705,14,14,False
21000706,9,9,True
21000707,13,13,False
21000708,11,11,False
21000709,14,14,False
21000710,30,30,False
21000711,2,2,True
21000712,6,6,True
21000713,3,3,True
21000714,4,4,True
21000715,12,12,False
21000716,12,12,False
21000717,-9,9,True
21000718,6,6,True
21000719,14,14,False
21000720,-2,2,True
21000721,-13,13,False
21000722,-7,7,True
21000723,-20,20,False
21000724,-17,17,False
21000725,14,14,False
21000726,21,21,False
21000727,13,13,False
21000728,0,0,True
21000729,-16,16,False
21000730,-8,8,True
21000731,4,4,True
21000732,-2,2,True
21000733,-15,15,False
21000734,17,17,False
21000735,8,8,True
21000736,8,8,True
21000737,-13,13,False
21000738,-4,4,True
21000739,12,12,False
21000740,3,3,True
21000741,11,11,False
21000742,1,1,True
21000743,-17,17,False
21000744,-3,3,True
21000745,-10,10,False
21000746,-10,10,False
21000747,-4,4,True
21000748,-5,5,True
21000749,-1,1,True
21000750,-11,11,False
21000751,-7,7,True
21000752,-18,18,False
21000753,11,11,False
21000754,24,24,False
21000755,-17,17,False
21000756,13,13,False
21000757,14,14,False
21000758,3,3,True
21000759,-13,13,False
21000760,-10,10,False
21000761,6,6,True
21000762,-8,8,True
21000763,5,5,True
21000764,0,0,True
21000765,-12,12,False
21000766,-34,34,False
21000767,16,16,False
21000768,-6,6,True
21000769,4,4,True
21000770,17,17,False
21000771,1,1,True
21000772,-1,1,True
21000773,-11,11,False
21000774,2,2,True
21000775,0,0,True
21000776,-5,5,True
21000777,-11,11,False
21000778,12,12,False
21000779,-8,8,True
21000780,-4,4,True
21000781,-2,2,True
21000782,4,4,True
21000783,-5,5,True
21000784,18,18,False
21000785,-7,7,True
21000786,-8,8,True
21000787,5,5,True
21000788,-2,2,True
21000789,2,2,True
21000790,-4,4,True
21000791,2,2,True
21000792,-17,17,False
21000793,-17,17,False
21000794,0,0,True
21000795,-9,9,True
21000796,2,2,True
21000797,-6,6,True
21000798,-28,28,False
21000799,-16,16,False
21000800,-9,9,True
21000801,-3,3,True
21000802,-14,14,False
21000803,-8,8,True
21000804,2,2,True
21000805,18,18,False
21000806,-15,15,False
21000807,0,0,True
21000808,5,5,True
21000809,8,8,True
21000810,-5,5,True
21000811,4,4,True
21000812,22,22,False
21000813,-17,17,False
21000814,-15,15,False
21000815,15,15,False
21000816,-16,16,False
21000817,18,18,False
21000818,-8,8,True
21000819,11,11,False
21000820,15,15,False
21000821,30,30,False
21000822,4,4,True
21000823,15,15,False
21000824,27,27,False
21000825,-5,5,True
21000826,11,11,False
21000827,10,10,False
21000828,3,3,True
21000829,14,14,False
21000830,-15,15,False
21000831,19,19,False
21000832,-9,9,True
21000833,-2,2,True
21000834,-5,5,True
21000835,4,4,True
21000836,9,9,True
21000837,-8,8,True
21000838,16,16,False
21000839,-15,15,False
21000840,-8,8,True
21000841,23,23,False
21000842,1,1,True
21000843,21,21,False
21000844,15,15,False
21000845,-18,18,False
21000846,26,26,False
21000847,-2,2,True
21000848,1,1,True
21000849,-2,2,True
21000850,30,30,False
21000851,3,3,True
21000852,6,6,True
21000853,-10,10,False
21000854,11,11,False
21000855,1,1,True
21000856,20,20,False
21000857,8,8,True
21000858,7,7,True
21000859,3,3,True
21000860,9,9,True
21000861,16,16,False
21000862,-10,10,False
21000863,15,15,False
21000864,-17,17,False
21000865,2,2,True
21000866,11,11,False
21000867,22,22,False
21000868,-13,13,False
21000869,10,10,False
21000870,-13,13,False
21000871,17,17,False
21000872,-6,6,True
21000873,-2,2,True
21000874,0,0,True
21000875,32,32,False
21000876,20,20,False
21000877,-10,10,False
21000878,-5,5,True
21000879,1,1,True
21000880,-1,1,True
21000881,-9,9,True
21000882,3,3,True
21000883,16,16,False
21000884,-23,23,False
21000885,-3,3,True
21000886,1,1,True
21000887,4,4,True
21000888,-6,6,True
21000889,-5,5,True
21000890,-22,22,False
21000891,6,6,True
21000892,-2,2,True
21000893,4,4,True
21000894,6,6,True
21000895,6,6,True
21000896,-4,4,True
21000897,6,6,True
21000898,16,16,False
21000899,4,4,True
21000900,-12,12,False
21000901,-18,18,False
21000902,-1,1,True
21000903,-12,12,False
21000904,-5,5,True
21000905,12,12,False
21000906,-12,12,False
21000907,18,18,False
21000908,24,24,False
21000909,37,37,False
21000910,-5,5,True
21000911,3,3,True
21000912,-7,7,True
21000913,1,1,True
21000914,11,11,False
21000915,-9,9,True
21000916,3,3,True
21000917,-6,6,True
21000918,2,2,True
21000919,2,2,True
21000920,-6,6,True
21000921,9,9,True
21000922,-16,16,False
21000923,24,24,False
21000924,9,9,True
21000925,-1,1,True
21000926,5,5,True
21000927,17,17,False
21000928,1,1,True
21000929,19,19,False
21000930,8,8,True
21000931,-5,5,True
21000932,-24,24,False
21000933,-11,11,False
21000934,9,9,True
21000935,-3,3,True
21000936,-20,20,False
21000937,3,3,True
21000938,1,1,True
21000939,-2,2,True
21000940,-6,6,True
21000941,-7,7,True
21000942,23,23,False
21000943,4,4,True
21000944,4,4,True
21000945,-1,1,True
21000946,-21,21,False
21000947,-16,16,False
21000948,-10,10,False
21000949,-7,7,True
21000950,-21,21,False
21000951,-6,6,True
21000952,4,4,True
21000953,-17,17,False
21000954,-1,1,True
21000955,5,5,True
21000956,1,1,True
21000957,-9,9,True
21000958,-6,6,True
21000959,18,18,False
21000960,26,26,False
21000961,-6,6,True
21000962,8,8,True
21000963,-1,1,True
21000964,0,0,True
21000965,19,19,False
21000966,-15,15,False
21000967,0,0,True
21000968,-5,5,True
21000969,5,5,True
21000970,10,10,False
21000971,19,19,False
21000972,21,21,False
21000973,9,9,True
21000974,12,12,False
21000975,1,1,True
21000976,32,32,False
21000977,10,10,False
21000978,-18,18,False
21000979,17,17,False
21000980,30,30,False
21000981,16,16,False
21000982,-4,4,True
21000983,-1,1,True
21000984,31,31,False
21000985,-24,24,False
21000986,-3,3,True
21000987,-23,23,False
21000988,29,29,False
21000989,-11,11,False
21000990,23,23,False
21000991,2,2,True
21000992,-29,29,False
21000993,30,30,False
21000994,23,23,False
21000995,-11,11,False
21000996,0,0,True
21000997,6,6,True
21000998,9,9,True
21000999,16,16,False
21001000,0,0,True
21001001,17,17,False
21001002,1,1,True
21001003,-15,15,False
21001004,17,17,False
